loadtestuser46@yopmail.com,38e3fdbf-a5f1-4999-9cc6-2e8b2676edc9,do_313918168685109248117136,0139181712261038081869',A6S5Z8,41fbcfd6-38c3-4e4e-b99b-b9be8a1cace9
loadtestuser47@yopmail.com,964d8363-fc8a-4f87-9c91-bfec99e5f9c2,do_313918168685109248117136,0139181712261038081869',A6S5Z8,41fbcfd6-38c3-4e4e-b99b-b9be8a1cace9
loadtestuser48@yopmail.com,b42f7e9a-3920-44a0-a22a-7b4e79e1f962,do_313918168685109248117136,0139181712261038081869',A6S5Z8,41fbcfd6-38c3-4e4e-b99b-b9be8a1cace9
loadtestuser49@yopmail.com,0ef40893-21df-4135-b16b-5c901b50b6dc,do_313918168685109248117136,0139181712261038081869',A6S5Z8,41fbcfd6-38c3-4e4e-b99b-b9be8a1cace9
loadtestuser50@yopmail.com,835c22bf-1e79-4dfb-95c8-36a3c5425949,do_313918168685109248117136,0139181712261038081869',A6S5Z8,41fbcfd6-38c3-4e4e-b99b-b9be8a1cace9
