loadtestuser56@yopmail.com,7760d85a-dac0-4637-b7bd-53b55802179c,do_313918168685109248117136,0139181712261038081869',A6S5Z8,41fbcfd6-38c3-4e4e-b99b-b9be8a1cace9
loadtestuser57@yopmail.com,6273f07a-ff2a-422e-89c3-9aee1fe3b0be,do_313918168685109248117136,0139181712261038081869',A6S5Z8,41fbcfd6-38c3-4e4e-b99b-b9be8a1cace9
loadtestuser58@yopmail.com,2417ba7c-99f3-401a-a6e2-1341a8edd551,do_313918168685109248117136,0139181712261038081869',A6S5Z8,41fbcfd6-38c3-4e4e-b99b-b9be8a1cace9
loadtestuser59@yopmail.com,7f3878b9-fa52-41a3-992e-ec527275b7ee,do_313918168685109248117136,0139181712261038081869',A6S5Z8,41fbcfd6-38c3-4e4e-b99b-b9be8a1cace9
loadtestuser60@yopmail.com,eedff60e-f330-4a6e-b49f-2ac0aba97369,do_313918168685109248117136,0139181712261038081869',A6S5Z8,41fbcfd6-38c3-4e4e-b99b-b9be8a1cace9
