loadtestuser51@yopmail.com,870760be-589c-47ac-bafa-46d3389799e3,do_313918168685109248117136,0139181712261038081869',A6S5Z8,41fbcfd6-38c3-4e4e-b99b-b9be8a1cace9
loadtestuser52@yopmail.com,ad3da123-321e-4637-98d2-5c1f4c43d902,do_313918168685109248117136,0139181712261038081869',A6S5Z8,41fbcfd6-38c3-4e4e-b99b-b9be8a1cace9
loadtestuser53@yopmail.com,1f7e0faa-1bd4-49f4-857e-705f5410a0d6,do_313918168685109248117136,0139181712261038081869',A6S5Z8,41fbcfd6-38c3-4e4e-b99b-b9be8a1cace9
loadtestuser54@yopmail.com,1072ea33-e5f3-47f2-9544-9990276ddd25,do_313918168685109248117136,0139181712261038081869',A6S5Z8,41fbcfd6-38c3-4e4e-b99b-b9be8a1cace9
loadtestuser55@yopmail.com,033e96c9-1abd-4d1e-8456-836f5d558eca,do_313918168685109248117136,0139181712261038081869',A6S5Z8,41fbcfd6-38c3-4e4e-b99b-b9be8a1cace9
