loadtestuser31@yopmail.com,92d347a8-4947-410b-89cc-59ce9a26f705,do_313918168685109248117136,0139181712261038081869',A6S5Z8,41fbcfd6-38c3-4e4e-b99b-b9be8a1cace9
loadtestuser32@yopmail.com,dc22a353-a324-454f-8fd3-0baea478f897,do_313918168685109248117136,0139181712261038081869',A6S5Z8,41fbcfd6-38c3-4e4e-b99b-b9be8a1cace9
loadtestuser33@yopmail.com,5a4063ec-b4e6-4dac-8c37-09693e2d109f,do_313918168685109248117136,0139181712261038081869',A6S5Z8,41fbcfd6-38c3-4e4e-b99b-b9be8a1cace9
loadtestuser34@yopmail.com,c62e557a-8721-4126-abb2-3e75b94cb0aa,do_313918168685109248117136,0139181712261038081869',A6S5Z8,41fbcfd6-38c3-4e4e-b99b-b9be8a1cace9
loadtestuser35@yopmail.com,0c93db4b-d0c3-421a-9173-837404c961d1,do_313918168685109248117136,0139181712261038081869',A6S5Z8,41fbcfd6-38c3-4e4e-b99b-b9be8a1cace9
