loadtestuser36@yopmail.com,69f30a17-3255-4307-b353-e6ada6bf5d4c,do_313918168685109248117136,0139181712261038081869',A6S5Z8,41fbcfd6-38c3-4e4e-b99b-b9be8a1cace9
loadtestuser37@yopmail.com,7aa12b20-1e7c-4d7b-bc74-2fe6a7e5e75c,do_313918168685109248117136,0139181712261038081869',A6S5Z8,41fbcfd6-38c3-4e4e-b99b-b9be8a1cace9
loadtestuser38@yopmail.com,13618709-fba9-46f3-b43e-3f3743a10986,do_313918168685109248117136,0139181712261038081869',A6S5Z8,41fbcfd6-38c3-4e4e-b99b-b9be8a1cace9
loadtestuser39@yopmail.com,52e1885f-d6cc-41c7-8b36-087e71ea310e,do_313918168685109248117136,0139181712261038081869',A6S5Z8,41fbcfd6-38c3-4e4e-b99b-b9be8a1cace9
loadtestuser40@yopmail.com,a22a8fa7-f801-4587-9a47-2695f0caa3c5,do_313918168685109248117136,0139181712261038081869',A6S5Z8,41fbcfd6-38c3-4e4e-b99b-b9be8a1cace9
