loadtestuser16@yopmail.com,38edfb60-155c-4d1e-91a6-692901409710,do_313918168685109248117136,0139181712261038081869',A6S5Z8,41fbcfd6-38c3-4e4e-b99b-b9be8a1cace9
loadtestuser17@yopmail.com,d53f49a5-de5e-4a7b-af0a-827cc3abc020,do_313918168685109248117136,0139181712261038081869',A6S5Z8,41fbcfd6-38c3-4e4e-b99b-b9be8a1cace9
loadtestuser18@yopmail.com,d07d366a-ebd5-4680-bfd3-a4b483128ccf,do_313918168685109248117136,0139181712261038081869',A6S5Z8,41fbcfd6-38c3-4e4e-b99b-b9be8a1cace9
loadtestuser19@yopmail.com,6dfd9cd5-a74e-4e5e-b4fa-864e351ae379,do_313918168685109248117136,0139181712261038081869',A6S5Z8,41fbcfd6-38c3-4e4e-b99b-b9be8a1cace9
loadtestuser20@yopmail.com,8a9d7662-76ff-43a3-afce-1db8fdf20441,do_313918168685109248117136,0139181712261038081869',A6S5Z8,41fbcfd6-38c3-4e4e-b99b-b9be8a1cace9
