loadtestuser21@yopmail.com,094a907e-36bc-4794-b834-87f0fd78776c,do_313918168685109248117136,0139181712261038081869',A6S5Z8,41fbcfd6-38c3-4e4e-b99b-b9be8a1cace9
loadtestuser22@yopmail.com,bdbfaf95-e99b-4a80-aacc-11ee62025dab,do_313918168685109248117136,0139181712261038081869',A6S5Z8,41fbcfd6-38c3-4e4e-b99b-b9be8a1cace9
loadtestuser23@yopmail.com,6f1fbdc2-1cca-4f4c-86f3-162480ba8b8e,do_313918168685109248117136,0139181712261038081869',A6S5Z8,41fbcfd6-38c3-4e4e-b99b-b9be8a1cace9
loadtestuser24@yopmail.com,396b0598-8675-4ea7-a0e6-338bc8f74ffa,do_313918168685109248117136,0139181712261038081869',A6S5Z8,41fbcfd6-38c3-4e4e-b99b-b9be8a1cace9
loadtestuser25@yopmail.com,71dbaa95-212c-4ac2-bcad-ff03c4ccfebf,do_313918168685109248117136,0139181712261038081869',A6S5Z8,41fbcfd6-38c3-4e4e-b99b-b9be8a1cace9
