loadtestuser41@yopmail.com,1459e4b0-ffa3-4957-8d8c-4dfcf71408eb,do_313918168685109248117136,0139181712261038081869',A6S5Z8,41fbcfd6-38c3-4e4e-b99b-b9be8a1cace9
loadtestuser42@yopmail.com,10e06bd7-5a5c-497e-a662-020537d466e2,do_313918168685109248117136,0139181712261038081869',A6S5Z8,41fbcfd6-38c3-4e4e-b99b-b9be8a1cace9
loadtestuser43@yopmail.com,e07bc857-38be-4136-92ef-560e690fdc5f,do_313918168685109248117136,0139181712261038081869',A6S5Z8,41fbcfd6-38c3-4e4e-b99b-b9be8a1cace9
loadtestuser44@yopmail.com,079c51e9-52ff-4db8-8da0-5e08bfcad490,do_313918168685109248117136,0139181712261038081869',A6S5Z8,41fbcfd6-38c3-4e4e-b99b-b9be8a1cace9
loadtestuser45@yopmail.com,f47bb224-8389-42ca-845a-5e813544b9fe,do_313918168685109248117136,0139181712261038081869',A6S5Z8,41fbcfd6-38c3-4e4e-b99b-b9be8a1cace9
