loadtestuser11@yopmail.com,022769f4-c4e8-4100-9c5f-2014dcf844d6,do_313918168685109248117136,0139181712261038081869',A6S5Z8,41fbcfd6-38c3-4e4e-b99b-b9be8a1cace9
loadtestuser12@yopmail.com,5f13c667-3279-4aa2-9c38-726f6afc4a4c,do_313918168685109248117136,0139181712261038081869',A6S5Z8,41fbcfd6-38c3-4e4e-b99b-b9be8a1cace9
loadtestuser13@yopmail.com,a9252cbc-9007-40f4-b2af-8b0e9fc42aa6,do_313918168685109248117136,0139181712261038081869',A6S5Z8,41fbcfd6-38c3-4e4e-b99b-b9be8a1cace9
loadtestuser14@yopmail.com,093dfb1e-8608-4e7e-9ce2-44519fc6d277,do_313918168685109248117136,0139181712261038081869',A6S5Z8,41fbcfd6-38c3-4e4e-b99b-b9be8a1cace9
loadtestuser15@yopmail.com,201e2315-aad8-435f-848e-1a125666d6fe,do_313918168685109248117136,0139181712261038081869',A6S5Z8,41fbcfd6-38c3-4e4e-b99b-b9be8a1cace9
