loadtestuser26@yopmail.com,90d69293-9d00-412c-a942-6884f9dd8dd2,do_313918168685109248117136,0139181712261038081869',A6S5Z8,41fbcfd6-38c3-4e4e-b99b-b9be8a1cace9
loadtestuser27@yopmail.com,f5f64a1c-27f0-4a0a-8b67-6d7095fd8613,do_313918168685109248117136,0139181712261038081869',A6S5Z8,41fbcfd6-38c3-4e4e-b99b-b9be8a1cace9
loadtestuser28@yopmail.com,12efeebf-53ca-4612-b950-b1319f53e961,do_313918168685109248117136,0139181712261038081869',A6S5Z8,41fbcfd6-38c3-4e4e-b99b-b9be8a1cace9
loadtestuser29@yopmail.com,8c8423c3-2bf0-4210-a98f-7d28bd577175,do_313918168685109248117136,0139181712261038081869',A6S5Z8,41fbcfd6-38c3-4e4e-b99b-b9be8a1cace9
loadtestuser30@yopmail.com,85ab88ef-d185-4df1-9921-6a49fd5ab9eb,do_313918168685109248117136,0139181712261038081869',A6S5Z8,41fbcfd6-38c3-4e4e-b99b-b9be8a1cace9
